{"cameraMode":{"drawMode":0,"name":"Shaded","section":"Shading Mode"},"sceneLighting":true,"audioPlay":false,"sceneViewState":{"showFog":true,"showMaterialUpdate":false,"showSkybox":true,"showFlares":true,"showImageEffects":true,"showParticleSystems":true},"in2DMode":false,"pivot":{"x":-0.5216333866119385,"y":5.107541084289551,"z":-0.06407618522644043},"rotation":{"x":0.23052248358726502,"y":-0.6949955224990845,"z":0.2532598376274109,"w":0.6323435306549072},"size":2.985788345336914,"orthographic":false}