{"cameraMode":{"drawMode":0,"name":"Shaded","section":"Shading Mode"},"sceneLighting":true,"audioPlay":false,"sceneViewState":{"showFog":true,"showMaterialUpdate":false,"showSkybox":true,"showFlares":true,"showImageEffects":true,"showParticleSystems":true},"in2DMode":false,"pivot":{"x":-5.463260650634766,"y":-0.45914196968078616,"z":4.234930992126465},"rotation":{"x":0.05206526815891266,"y":-0.45577603578567507,"z":0.026629293337464334,"w":0.8882666826248169},"size":30.007143020629884,"orthographic":false}