{"cameraMode":{"drawMode":0,"name":"Shaded","section":"Shading Mode"},"sceneLighting":true,"audioPlay":false,"sceneViewState":{"showFog":true,"showMaterialUpdate":false,"showSkybox":true,"showFlares":true,"showImageEffects":true,"showParticleSystems":true},"in2DMode":false,"pivot":{"x":0.20170319080352784,"y":5.123970985412598,"z":-0.022425949573516847},"rotation":{"x":0.14269483089447022,"y":-0.7612470388412476,"z":0.17904439568519593,"w":0.606700599193573},"size":2.0362675189971926,"orthographic":false}